{"_id":{"$oid":"5b16483f56cb889378f87fd7"},"_class":"com.api.celhum.model.Booking","tourid":"9Dmongol02","contactdetail":{"title":"male","first_name":"ad","last_name":"sf","dob":{"$date":"2018-05-31T00:00:00.000Z"},"identity_type":"Passport","identity_number":"123213","address":"asdsadsa","postalcode":"12321","handphonenumber":"12321321"},"passengerdetail":[{"first_name":"asdsa","last_name":"asdsa","identity_type":"passport","identity_number":"123213","dob":{"$date":"2018-06-15T00:00:00.000Z"},"passenger_type":"adult","passenger_addon":false}],"totalpayment":"99999","bookstatus":"transferred","email":"lala@lala.com","passenger_count":"1","departure":{"price":{"price_adult":"99999","price_child":"111","price_room_adult":"7777","price_room_child":"12345555555"},"datedepart":{"$date":"2018-05-18T00:00:00.111Z"},"code":"9Dmongol02","remaining":"40"}}
{"_id":{"$oid":"5b16410e56cb889378f87fd5"},"_class":"com.api.celhum.model.Booking","tourid":"7Dhainansanya02","contactdetail":{"title":"male","first_name":"Bombastic","last_name":"test","dob":{"$date":"2018-06-30T00:00:00.000Z"},"identity_type":"Passport","identity_number":"123","address":"123 Elm","postalcode":"4501","handphonenumber":"123"},"passengerdetail":[{"first_name":"Bombastic","last_name":"test","identity_type":"passport","identity_number":"123","dob":{"$date":"2018-06-23T00:00:00.000Z"},"passenger_type":"adult"}],"totalpayment":"6500000","bookstatus":"pending","owner_id":"5b440246-574a-11e8-91f5-08626650b88f","email":"kevindreyar@gmail.com","passenger_count":"1","departure":{"price":{"price_adult":"6500000","price_child":"6500000","price_room_adult":"2000000","price_room_child":"6200000"},"datedepart":{"$date":"2018-07-12T00:00:00.111Z"},"code":"7Dhainansanya02","remaining":"40"}}
{"_id":{"$oid":"5b1646b056cb889378f87fd6"},"_class":"com.api.celhum.model.Booking","tourid":"9Dmongol02","contactdetail":{"title":"male","first_name":"asdsa","last_name":"asdsad","dob":{"$date":"2018-06-20T00:00:00.000Z"},"identity_type":"Passport","identity_number":"12321","address":"where","postalcode":"123","handphonenumber":"21321321321"},"passengerdetail":[{"first_name":"qwe","last_name":"wqeq","identity_type":"passport","identity_number":"12321321","dob":{"$date":"2018-06-07T00:00:00.000Z"},"passenger_type":"adult"}],"totalpayment":"99999","bookstatus":"pending","owner_id":"12","email":"gilang.wd@trenin.id","passenger_count":"1","departure":{"price":{"price_adult":"99999","price_child":"111","price_room_adult":"7777","price_room_child":"12345555555"},"datedepart":{"$date":"2018-05-18T00:00:00.111Z"},"code":"9Dmongol02","remaining":"40"}}
{"_id":{"$oid":"5b176b9956cb8895df694594"},"_class":"com.api.celhum.model.Booking","tourid":"7Dhainansanya01","contactdetail":{"title":"male","first_name":"Bombastic","last_name":"Test","dob":{"$date":"2018-06-09T00:00:00.000Z"},"identity_type":"passport","identity_number":"asfasf","address":"123 Elm","postalcode":"4501","handphonenumber":"123"},"passengerdetail":[{"first_name":"Bombastic","last_name":"Test","identity_type":"passport","identity_number":"124sdfasf","dob":{"$date":"2018-06-09T00:00:00.000Z"},"passenger_type":"adult","passenger_addon":"true"}],"totalpayment":"6500003","bookstatus":"pending","owner_id":"5b440246-574a-11e8-91f5-08626650b88f","email":"kevindreyar@gmail.com","passenger_count":"1","departure":{"price":{"price_adult":"6500000","price_child":"6500000","price_room_adult":"2000000","price_room_child":"6200000"},"datedepart":{"$date":"2018-07-05T00:00:00.111Z"},"code":"7Dhainansanya01","remaining":"40"},"starttransdate":{"$date":"2018-06-06T05:05:29.249Z"},"endtransdate":{"$date":"2018-06-06T00:05:29.262Z"}}
{"_id":{"$oid":"5b177c6556cb8895df694595"},"_class":"com.api.celhum.model.Booking","tourid":"9Dmongol02","contactdetail":{"title":"male","first_name":"Whirlwind","last_name":"test","dob":{"$date":"2018-06-16T00:00:00.000Z"},"identity_type":"Passport","identity_number":"1","address":"123 Main","postalcode":"94801","handphonenumber":"123"},"passengerdetail":[{"first_name":"test","last_name":"test","identity_type":"passport","identity_number":"123","dob":{"$date":"2018-06-16T00:00:00.000Z"},"passenger_type":"adult"}],"totalpayment":"100003","bookstatus":"pending","owner_id":"5b440246-574a-11e8-91f5-08626650b88f","email":"kevindreyar@gmail.com","passenger_count":"1","departure":{"price":{"price_adult":"99999","price_child":"111","price_room_adult":"7777","price_room_child":"12345555555"},"datedepart":{"$date":"2018-05-18T00:00:00.111Z"},"code":"9Dmongol02","remaining":"40"},"starttransdate":{"$date":"2018-06-06T06:17:09.045Z"},"endtransdate":{"$date":"2018-06-06T01:17:09.049Z"}}
{"_id":{"$oid":"5b177ec256cb8895df694597"},"_class":"com.api.celhum.model.Booking","tourid":"9Dmongol01","contactdetail":{"title":"male","first_name":"122","last_name":"222","dob":{"$date":"2018-06-01T00:00:00.000Z"},"identity_type":"Passport","identity_number":"11111111111","address":"22","postalcode":"2223","handphonenumber":"33333"},"passengerdetail":[{"first_name":"asda","last_name":"asd","identity_type":"passport","identity_number":"2323232","dob":{"$date":"2018-06-07T00:00:00.000Z"},"passenger_type":"adult"}],"totalpayment":"12900006","bookstatus":"pending","owner_id":"5b440246-574a-11e8-91f5-08626650b88f","email":"kevindreyar@gmail.com","passenger_count":"1","departure":{"price":{"price_adult":"12900000","price_child":"12400000","price_room_adult":"2500000","price_room_child":"500000"},"datedepart":{"$date":"2018-05-04T00:00:00.111Z"},"code":"9Dmongol01","remaining":"40"},"starttransdate":{"$date":"2018-06-06T06:27:14.302Z"},"endtransdate":{"$date":"2018-06-06T01:27:14.305Z"}}
{"_id":{"$oid":"5b177f0c56cb8895df694598"},"_class":"com.api.celhum.model.Booking","tourid":"9Dmongol02","contactdetail":{"title":"","first_name":"a","last_name":"a","dob":{"$date":"2018-06-01T00:00:00.000Z"},"identity_type":"Passport","identity_number":"1","address":"a","postalcode":"1","handphonenumber":"2"},"passengerdetail":[{"first_name":"a","last_name":"b","identity_type":"passport","identity_number":"1","dob":{"$date":"2018-01-06T00:00:00.000Z"},"passenger_type":"adult"}],"totalpayment":"100006","bookstatus":"pending","owner_id":"5b440246-574a-11e8-91f5-08626650b88f","email":"kevindreyar@gmail.com","passenger_count":"1","departure":{"price":{"price_adult":"99999","price_child":"111","price_room_adult":"7777","price_room_child":"12345555555"},"datedepart":{"$date":"2018-05-18T00:00:00.111Z"},"code":"9Dmongol02","remaining":"40"},"starttransdate":{"$date":"2018-06-06T06:28:28.719Z"},"endtransdate":{"$date":"2018-06-06T01:28:28.722Z"}}
{"_id":{"$oid":"5b177e1856cb8895df694596"},"_class":"com.api.celhum.model.Booking","tourid":"9Dmongol02","contactdetail":{"title":"male","first_name":"Bombastic","last_name":"test","dob":{"$date":"2018-06-07T00:00:00.000Z"},"identity_type":"passport","identity_number":"123","address":"123 Elm","postalcode":"4501","handphonenumber":"123"},"passengerdetail":[{"first_name":"Bombastic","last_name":"Test","identity_type":"passport","identity_number":"123","dob":{"$date":"2018-06-06T00:00:00.000Z"},"passenger_type":"adult","passenger_addon":"true"}],"totalpayment":"100004","bookstatus":"pending","owner_id":"5b440246-574a-11e8-91f5-08626650b88f","email":"kevindreyar@gmail.com","passenger_count":"1","departure":{"price":{"price_adult":"99999","price_child":"111","price_room_adult":"7777","price_room_child":"12345555555"},"datedepart":{"$date":"2018-05-18T00:00:00.111Z"},"code":"9Dmongol02","remaining":"40"},"starttransdate":{"$date":"2018-06-06T06:24:24.795Z"},"endtransdate":{"$date":"2018-06-06T01:24:24.798Z"}}
{"_id":{"$oid":"5b178d7a56cb889c3c5bd803"},"_class":"com.api.celhum.model.Booking","tourid":"5D3Negara03","contactdetail":{"title":"male","first_name":"Bombastic","last_name":"Test","dob":{"$date":"2018-06-23T00:00:00.000Z"},"identity_type":"passport","identity_number":"123","address":"123 Elm","postalcode":"4501","handphonenumber":"123"},"passengerdetail":[{"first_name":"Whirlwind","last_name":"Test","identity_type":"passport","identity_number":"123","dob":{"$date":"2018-06-09T00:00:00.000Z"},"passenger_type":"adult","passenger_addon":true},{"first_name":"Bombastic","last_name":"Test","identity_type":"passport","identity_number":"123","dob":{"$date":"2018-06-23T00:00:00.000Z"},"passenger_type":"child","passenger_addon":true}],"totalpayment":"14000008","bookstatus":"pending","owner":"12","email":"gilang.wd@trenin.id","passenger_count":"2","departure":{"price":{"price_adult":"5500000","price_child":"4500000","price_room_adult":"3500000","price_room_child":"500000"},"datedepart":{"$date":"2018-07-29T00:00:00.111Z"},"code":"5D3Negara03","remaining":"20"},"starttransdate":{"$date":"2018-06-06T07:30:02.425Z"}}
{"_id":{"$oid":"5b178ed156cb889c3c5bd805"},"_class":"com.api.celhum.model.Booking","tourid":"5D3Negara03","contactdetail":{"title":"male","first_name":"Bombastic","last_name":"e","dob":{"$date":"2018-06-15T00:00:00.000Z"},"identity_type":"passport","identity_number":"123","address":"123 Elm","postalcode":"4501","handphonenumber":"123"},"passengerdetail":[{"first_name":"123","last_name":"123","identity_type":"passport","identity_number":"123","dob":{"$date":"2018-06-09T00:00:00.000Z"},"passenger_type":"child","passenger_addon":true}],"totalpayment":"5000010","bookstatus":"pending","owner":"12","email":"test@test.com","passenger_count":"1","departure":{"price":{"price_adult":"5500000","price_child":"4500000","price_room_adult":"3500000","price_room_child":"500000"},"datedepart":{"$date":"2018-07-29T00:00:00.111Z"},"code":"5D3Negara03","remaining":"20"},"starttransdate":{"$date":"2018-06-06T07:35:45.043Z"}}
{"_id":{"$oid":"5b178e5256cb889c3c5bd804"},"_class":"com.api.celhum.model.Booking","tourid":"7Dhainansanya02","contactdetail":{"title":"male","first_name":"Bombastic","last_name":"Test","dob":{"$date":"2018-06-23T00:00:00.000Z"},"identity_type":"passport","identity_number":"123","address":"123 Elm","postalcode":"4501","handphonenumber":"123"},"passengerdetail":[{"first_name":"Bombastic","last_name":"test","identity_type":"passport","identity_number":"tst","dob":{"$date":"2018-06-16T00:00:00.000Z"},"passenger_type":"child","passenger_addon":true}],"totalpayment":"12700009","bookstatus":"pending","owner":"5b440246-574a-11e8-91f5-08626650b88f","email":"kevindreyar@gmail.com","passenger_count":"1","departure":{"price":{"price_adult":"6500000","price_child":"6500000","price_room_adult":"2000000","price_room_child":"6200000"},"datedepart":{"$date":"2018-07-12T00:00:00.111Z"},"code":"7Dhainansanya02","remaining":"40"},"starttransdate":{"$date":"2018-06-06T07:33:38.872Z"}}
{"_id":{"$oid":"5b17929256cb889c3c5bd808"},"_class":"com.api.celhum.model.Booking","tourid":"5D3Negara02","contactdetail":{"title":"female","first_name":"Bombastic","last_name":"Test","dob":{"$date":"2018-06-02T00:00:00.000Z"},"identity_type":"passport","identity_number":"123","address":"123 Elm","postalcode":"4501","handphonenumber":"123"},"passengerdetail":[{"first_name":"Bombastic","last_name":"Test","identity_type":"passport","identity_number":"123","dob":{"$date":"2018-06-04T00:00:00.000Z"},"passenger_type":"adult","passenger_addon":false}],"totalpayment":"5500013","bookstatus":"pending","owner":"5b440246-574a-11e8-91f5-08626650b88f","email":"kevindreyar@gmail.com","passenger_count":"1","departure":{"price":{"price_adult":"5500000","price_child":"4500000","price_room_adult":"3500000","price_room_child":"500000"},"datedepart":{"$date":"2018-07-15T00:00:00.111Z"},"code":"5D3Negara02","remaining":"20"},"starttransdate":{"$date":"2018-06-06T07:51:46.657Z"}}
{"_id":{"$oid":"5b1792ff56cb889c3c5bd809"},"_class":"com.api.celhum.model.Booking","tourid":"7Dhainanhaikou02","contactdetail":{"title":"female","first_name":"Bombastic","last_name":"Test","dob":{"$date":"2018-06-07T00:00:00.000Z"},"identity_type":"passport","identity_number":"123","address":"123 Elm","postalcode":"4501","handphonenumber":"123"},"passengerdetail":[{"first_name":"123","last_name":"123","identity_type":"passport","identity_number":"123","dob":{"$date":"2018-06-22T00:00:00.000Z"},"passenger_type":"child","passenger_addon":false},{"first_name":"123","last_name":"123","identity_type":"passport","identity_number":"123","dob":{"$date":"2018-06-08T00:00:00.000Z"},"passenger_type":"adult","passenger_addon":true}],"totalpayment":"15000014","bookstatus":"pending","owner":"5b440246-574a-11e8-91f5-08626650b88f","email":"kevindreyar@gmail.com","passenger_count":"2","departure":{"price":{"price_adult":"6500000","price_child":"6500000","price_room_adult":"2000000","price_room_child":"6200000"},"datedepart":{"$date":"2018-07-12T00:00:00.111Z"},"code":"7Dhainanhaikou02","remaining":"40"},"starttransdate":{"$date":"2018-06-06T07:53:35.177Z"}}
{"_id":{"$oid":"5b17989956cb889deac5fd18"},"_class":"com.api.celhum.model.Booking","tourid":"5D3Negara02","contactdetail":{"title":"male","first_name":"11","last_name":"111","dob":{"$date":"2018-06-01T00:00:00.000Z"},"identity_type":"passport","identity_number":"11","address":"1222","postalcode":"112","handphonenumber":"121"},"passengerdetail":[{"first_name":"12121","last_name":"12121","identity_type":"passport","identity_number":"1212","dob":{"$date":"2018-06-13T00:00:00.000Z"},"passenger_type":"adult","passenger_addon":true}],"totalpayment":"9000015","bookstatus":"pending","owner":"5b440246-574a-11e8-91f5-08626650b88f","email":"kevindreyar@gmail.com","passenger_count":"1","departure":{"price":{"price_adult":"5500000","price_child":"4500000","price_room_adult":"3500000","price_room_child":"500000"},"datedepart":{"$date":"2018-07-15T00:00:00.111Z"},"code":"5D3Negara02","remaining":"20"},"starttransdate":{"$date":"2018-06-06T08:17:29.427Z"}}
{"_id":{"$oid":"5b17998156cb889deac5fd19"},"_class":"com.api.celhum.model.Booking","tourid":"5D3Negara03","contactdetail":{"title":"mr","first_name":"11","last_name":"222","dob":{"$date":"2018-06-13T00:00:00.000Z"},"identity_type":"passport","identity_number":"111","address":"222","postalcode":"333","handphonenumber":"4444"},"passengerdetail":[{"first_name":"11","last_name":"22","identity_type":"passport","identity_number":"33","dob":{"$date":"2018-06-07T00:00:00.000Z"},"passenger_type":"child","passenger_addon":true}],"totalpayment":"5000016","bookstatus":"pending","owner":"5b440246-574a-11e8-91f5-08626650b88f","email":"kevindreyar@gmail.com","passenger_count":"1","departure":{"price":{"price_adult":"5500000","price_child":"4500000","price_room_adult":"3500000","price_room_child":"500000"},"datedepart":{"$date":"2018-07-29T00:00:00.111Z"},"code":"5D3Negara03","remaining":"20"},"starttransdate":{"$date":"2018-06-06T08:21:21.971Z"}}
{"_id":{"$oid":"5b17a07f56cb889deac5fd1a"},"_class":"com.api.celhum.model.Booking","tourid":"7Dhainanhaikou01","contactdetail":{"title":"mr","first_name":"Bombastic","last_name":"Test","dob":{"$date":"2018-06-07T00:00:00.000Z"},"identity_type":"passport","identity_number":"123","address":"123 Elm","postalcode":"4501","handphonenumber":"123"},"passengerdetail":[{"first_name":"Bombastic","last_name":"Test","identity_type":"passport","identity_number":"123","dob":{"$date":"2018-06-02T00:00:00.000Z"},"passenger_type":"child","passenger_addon":true}],"totalpayment":"12700017","bookstatus":"pending","owner":"5b440246-574a-11e8-91f5-08626650b88f","email":"kevindreyar@gmail.com","passenger_count":"1","departure":{"price":{"price_adult":"6500000","price_child":"6500000","price_room_adult":"2000000","price_room_child":"6200000"},"datedepart":{"$date":"2018-07-05T00:00:00.111Z"},"code":"7Dhainanhaikou01","remaining":"40"},"starttransdate":{"$date":"2018-06-06T08:51:11.513Z"}}
{"_id":{"$oid":"5b17902e56cb889c3c5bd807"},"_class":"com.api.celhum.model.Booking","tourid":"5D3Negara02","contactdetail":{"title":"female","first_name":"123","last_name":"sad","dob":{"$date":"2018-06-02T00:00:00.000Z"},"identity_type":"passport","identity_number":"123dsa","address":"asd","postalcode":"1231321","handphonenumber":"123321"},"passengerdetail":[{"first_name":"asddsa","last_name":"dsaasd","identity_type":"passport","identity_number":"123dsa","dob":{"$date":"2018-06-21T00:00:00.000Z"},"passenger_type":"child","passenger_addon":true}],"totalpayment":"5000012","bookstatus":"pending","owner":"12","email":"test1@test1.com","passenger_count":"1","departure":{"price":{"price_adult":"5500000","price_child":"4500000","price_room_adult":"3500000","price_room_child":"500000"},"datedepart":{"$date":"2018-07-15T00:00:00.111Z"},"code":"5D3Negara02","remaining":"20"},"starttransdate":{"$date":"2018-06-06T07:41:34.162Z"}}
{"_id":{"$oid":"5b17aa7656cb889faf3fbde1"},"_class":"com.api.celhum.model.Booking","tourid":"5D3Negara01","contactdetail":{"title":"mr","first_name":"Whirlwind","last_name":"Test","dob":{"$date":"2018-06-02T00:00:00.000Z"},"identity_type":"passport","identity_number":"123","address":"123 Main","postalcode":"94801","handphonenumber":"123"},"passengerdetail":[{"first_name":"Bombastic","last_name":"Test","identity_type":"passport","identity_number":"123","dob":{"$date":"2018-06-09T00:00:00.000Z"},"passenger_type":"adult","passenger_addon":true},{"first_name":"Whirlwind","last_name":"Test","identity_type":"passport","identity_number":"123","dob":{"$date":"2018-06-09T00:00:00.000Z"},"passenger_type":"child","passenger_addon":true}],"totalpayment":"14000018","bookstatus":"pending","owner":"5b440246-574a-11e8-91f5-08626650b88f","email":"kevindreyar@gmail.com","passenger_count":"2","departure":{"price":{"price_adult":"5500000","price_child":"4500000","price_room_adult":"3500000","price_room_child":"500000"},"datedepart":{"$date":"2018-07-08T00:00:00.111Z"},"code":"5D3Negara01","remaining":"20"},"starttransdate":{"$date":"2018-06-06T09:33:42.450Z"},"endtransdate":{"$date":"2018-06-06T14:33:42.450Z"}}
{"_id":{"$oid":"5b17adee56cb889faf3fbde2"},"_class":"com.api.celhum.model.Booking","tourid":"5D3Negara02","contactdetail":{"title":"mr","first_name":"aditya","last_name":"aditya","dob":{"$date":"2018-06-06T00:00:00.000Z"},"identity_type":"passport","identity_number":"123asd","address":"123asd","postalcode":"123","handphonenumber":"123321"},"passengerdetail":[{"first_name":"aditya","last_name":"aditya","identity_type":"passport","identity_number":"123","dob":{"$date":"2018-06-13T00:00:00.000Z"},"passenger_type":"adult","passenger_addon":false}],"totalpayment":"5500019","bookstatus":"pending","owner":"7f150f34-e75e-49a5-bb27-1144671171b0","email":"aditya@aditya.com","passenger_count":"1","departure":{"price":{"price_adult":"5500000","price_child":"4500000","price_room_adult":"3500000","price_room_child":"500000"},"datedepart":{"$date":"2018-07-15T00:00:00.111Z"},"code":"5D3Negara02","remaining":"20"},"starttransdate":{"$date":"2018-06-06T09:48:30.127Z"},"endtransdate":{"$date":"2018-06-06T14:48:30.127Z"}}
{"_id":{"$oid":"5b17ae4756cb889faf3fbde3"},"_class":"com.api.celhum.model.Booking","tourid":"6Dhainanhaikou02","contactdetail":{"title":"mr","first_name":"aditya","last_name":"aditya","dob":{"$date":"2018-06-23T00:00:00.000Z"},"identity_type":"passport","identity_number":"123","address":"asd","postalcode":"123","handphonenumber":"123"},"passengerdetail":[{"first_name":"aditya","last_name":"aditya","identity_type":"passport","identity_number":"123","dob":{"$date":"2018-06-02T00:00:00.000Z"},"passenger_type":"adult","passenger_addon":false},{"first_name":"aditya","last_name":"aditya","identity_type":"passport","identity_number":"123","dob":{"$date":"2018-06-09T00:00:00.000Z"},"passenger_type":"child","passenger_addon":false}],"totalpayment":"11800020","bookstatus":"pending","owner":"7f150f34-e75e-49a5-bb27-1144671171b0","email":"aditya@aditya.com","passenger_count":"2","departure":{"price":{"price_adult":"5900000","price_child":"5900000","price_room_adult":"2000000","price_room_child":"5600000"},"datedepart":{"$date":"2018-07-10T00:00:00.111Z"},"code":"6Dhainanhaikou02","remaining":"40"},"starttransdate":{"$date":"2018-06-06T09:49:59.725Z"},"endtransdate":{"$date":"2018-06-06T14:49:59.725Z"}}
{"_id":{"$oid":"5b178f1656cb889c3c5bd806"},"_class":"com.api.celhum.model.Booking","tourid":"5D3Negara02","contactdetail":{"title":"male","first_name":"Bombastic","last_name":"er","dob":{"$date":"2018-06-21T00:00:00.000Z"},"identity_type":"passport","identity_number":"123","address":"123 Elm","postalcode":"4501","handphonenumber":"123"},"passengerdetail":[{"first_name":"123","last_name":"123","identity_type":"passport","identity_number":"123","dob":{"$date":"2018-06-16T00:00:00.000Z"},"passenger_type":"child","passenger_addon":true},{"first_name":"123","last_name":"123","identity_type":"passport","identity_number":"123","dob":{"$date":"2018-06-23T00:00:00.000Z"},"passenger_type":"child","passenger_addon":true}],"totalpayment":"10000011","bookstatus":"pending","owner":"12","email":"test@test.com","passenger_count":"2","departure":{"price":{"price_adult":"5500000","price_child":"4500000","price_room_adult":"3500000","price_room_child":"500000"},"datedepart":{"$date":"2018-07-15T00:00:00.111Z"},"code":"5D3Negara02","remaining":"20"},"starttransdate":{"$date":"2018-06-06T07:36:54.449Z"}}
{"_id":{"$oid":"5b17b13056cb889faf3fbde4"},"_class":"com.api.celhum.model.Booking","tourid":"7Dhainansanya01","contactdetail":{"title":"mr","first_name":"asd","last_name":"asd","dob":{"$date":"2018-06-06T00:00:00.000Z"},"identity_type":"passport","identity_number":"123123","address":"Taman Diponegoro, Rolling Hills\nJalan Torrance no 66","postalcode":"15811","handphonenumber":"123123123"},"passengerdetail":[{"first_name":"asdasd","last_name":"asdasd","identity_type":"passport","identity_number":"123123","dob":{"$date":"2018-06-04T00:00:00.000Z"},"passenger_type":"adult","passenger_addon":false}],"totalpayment":"6500021","bookstatus":"pending","owner":"02e62a27-fdce-4d52-ab59-f3daf48dc9ca","email":"tptharsiman@gmail.com","passenger_count":"1","departure":{"price":{"price_adult":"6500000","price_child":"6500000","price_room_adult":"2000000","price_room_child":"6200000"},"datedepart":{"$date":"2018-07-05T00:00:00.111Z"},"code":"7Dhainansanya01","remaining":"40"},"starttransdate":{"$date":"2018-06-06T10:02:24.167Z"},"endtransdate":{"$date":"2018-06-06T15:02:24.167Z"}}
{"_id":{"$oid":"5b18e98856cb889faf3fbde5"},"_class":"com.api.celhum.model.Booking","tourid":"9Dmongol01","contactdetail":{"title":"mr","first_name":"Bombastic","last_name":"Test","dob":{"$date":"2018-06-09T00:00:00.000Z"},"identity_type":"passport","identity_number":"123","address":"123 Elm","postalcode":"4501","handphonenumber":"123"},"passengerdetail":[{"first_name":"Bombastic","last_name":"Test","identity_type":"passport","identity_number":"123","dob":{"$date":"2018-06-02T00:00:00.000Z"},"passenger_type":"adult","passenger_addon":true}],"totalpayment":"15400022","bookstatus":"pending","owner":"5b440246-574a-11e8-91f5-08626650b88f","email":"kevindreyar@gmail.com","passenger_count":"1","departure":{"price":{"price_adult":"12900000","price_child":"12400000","price_room_adult":"2500000","price_room_child":"500000"},"datedepart":{"$date":"2018-05-04T00:00:00.111Z"},"code":"9Dmongol01","remaining":"40"},"starttransdate":{"$date":"2018-06-07T08:15:04.759Z"},"endtransdate":{"$date":"2018-06-07T13:15:04.759Z"}}
{"_id":{"$oid":"5b1e0ad556cb88abbe62d1c4"},"_class":"com.api.celhum.model.Booking","tourid":"5D3Negara03","departdate":{"$date":"2018-07-29T00:00:00.111Z"},"contactdetail":{"title":"mr","first_name":"Kevin","last_name":"Dreyar","dob":{"$date":"2018-06-01T00:00:00.000Z"},"identity_type":"passport","identity_number":"123","address":"123 Elm","postalcode":"4501","handphonenumber":"4501"},"passengerdetail":[{"first_name":"Kevin","last_name":"Dreyar","identity_type":"passport","identity_number":"123","dob":{"$date":"2018-06-01T00:00:00.000Z"},"passenger_type":"adult","passenger_addon":true}],"totalpayment":"9000023","bookstatus":"pending","owner":"5b440246-574a-11e8-91f5-08626650b88f","email":"kevindreyar@gmail.com","passenger_count":"1","departure":{"price":{"price_adult":"5500000","price_child":"5000000","price_room_adult":"3500000","price_room_child":"500000"},"datedepart":{"$date":"2018-07-29T00:00:00.111Z"},"code":"5D3Negara03","remaining":"20"},"starttransdate":{"$date":"2018-06-11T05:38:29.263Z"},"endtransdate":{"$date":"2018-06-11T10:38:29.263Z"}}
{"_id":{"$oid":"5b1f5c7f56cb88abbe62d1c5"},"_class":"com.api.celhum.model.Booking","tourid":"9Dmongol02","departdate":{"$date":"2018-07-06T00:00:00.111Z"},"contactdetail":{"title":"mr","first_name":"asd","last_name":"asd","dob":{"$date":"2004-03-13T00:00:00.000Z"},"identity_type":"passport","identity_number":"a123123","address":"Taman Diponegoro, Rolling Hills\nJalan Torrance no 66","postalcode":"15811","handphonenumber":"2022002022020"},"passengerdetail":[{"first_name":"asdas","last_name":"asdasd","identity_type":"passport","identity_number":"a123123","dob":{"$date":"2018-06-13T00:00:00.000Z"},"passenger_type":"adult","passenger_addon":false}],"totalpayment":"12900024","bookstatus":"pending","owner":"02e62a27-fdce-4d52-ab59-f3daf48dc9ca","email":"tptharsiman@gmail.com","passenger_count":"1","departure":{"price":{"price_adult":"12900000","price_child":"12400000","price_room_adult":"2500000","price_room_child":"500000"},"datedepart":{"$date":"2018-07-06T00:00:00.111Z"},"code":"9Dmongol02","remaining":"40"},"starttransdate":{"$date":"2018-06-12T05:39:11.562Z"},"endtransdate":{"$date":"2018-06-12T10:39:11.562Z"}}
{"_id":{"$oid":"5b234b7456cb88c7a3cca576"},"_class":"com.api.celhum.model.Booking","tourid":"10Dgnpelangi01","departdate":{"$date":"2018-06-24T00:00:00.111Z"},"contactdetail":{"title":"mr","first_name":"tommy","last_name":"tommy","dob":{"$date":"2018-06-15T00:00:00.000Z"},"identity_type":"passport","identity_number":"a123123","address":"Taman Diponegoro, Rolling Hills\nJalan Torrance no 66","postalcode":"15811","handphonenumber":"816920443"},"passengerdetail":[{"first_name":"tommy","last_name":"tommy","identity_type":"passport","identity_number":"a123123","dob":{"$date":"1992-10-27T00:00:00.000Z"},"passenger_type":"adult","passenger_addon":false}],"totalpayment":"28900025","bookstatus":"pending","owner":"02e62a27-fdce-4d52-ab59-f3daf48dc9ca","email":"tptharsiman@gmail.com","passenger_count":"1","departure":{"price":{"price_adult":"28900000","price_child":"28900000","price_room_adult":"5800000","price_room_child":"0"},"datedepart":{"$date":"2018-06-24T00:00:00.111Z"},"code":"10Dgnpelangi01","remaining":"40"},"starttransdate":{"$date":"2018-06-15T05:15:32.277Z"},"endtransdate":{"$date":"2018-06-15T10:15:32.277Z"}}
{"_id":{"$oid":"5b44392656cb88714f4858d3"},"_class":"com.api.celhum.model.Booking","tourid":"5Dshockingjapan01","departdate":{"$date":"2018-07-09T00:00:00.111Z"},"contactdetail":{"title":"mr","first_name":"1","last_name":"1","dob":{"$date":"2018-07-06T00:00:00.000Z"},"identity_type":"passport","identity_number":"1","address":"2","postalcode":"3","handphonenumber":"4"},"passengerdetail":[{"first_name":"1","last_name":"2","identity_type":"passport","identity_number":"3","dob":{"$date":"2018-07-06T00:00:00.000Z"},"passenger_type":"adult","passenger_addon":true}],"totalpayment":"15400026","bookstatus":"pending","owner":"5b440246-574a-11e8-91f5-08626650b88f","email":"kevindreyar@gmail.com","passenger_count":"1","departure":{"price":{"price_adult":"11900000","price_child":"11500000","price_room_adult":"3500000","price_room_child":"400000"},"datedepart":{"$date":"2018-07-09T00:00:00.111Z"},"code":"5Dshockingjapan01","remaining":"15"},"starttransdate":{"$date":"2018-07-10T04:42:14.813Z"},"endtransdate":{"$date":"2018-07-10T09:42:14.813Z"},"payment_method":"Kredivo"}
{"_id":{"$oid":"5b4439ab56cb88714f4858d5"},"_class":"com.api.celhum.model.Booking","tourid":"5Dshockingjapan01","departdate":{"$date":"2018-07-09T00:00:00.111Z"},"contactdetail":{"title":"mr","first_name":"1","last_name":"2","dob":{"$date":"2018-07-07T00:00:00.000Z"},"identity_type":"passport","identity_number":"3","address":"3","postalcode":"3","handphonenumber":"3"},"passengerdetail":[{"first_name":"1","last_name":"2","identity_type":"passport","identity_number":"2","dob":{"$date":"2018-07-02T00:00:00.000Z"},"passenger_type":"adult","passenger_addon":true}],"totalpayment":"15400028","bookstatus":"pending","owner":"5b440246-574a-11e8-91f5-08626650b88f","email":"kevindreyar@gmail.com","passenger_count":"1","departure":{"price":{"price_adult":"11900000","price_child":"11500000","price_room_adult":"3500000","price_room_child":"400000"},"datedepart":{"$date":"2018-07-09T00:00:00.111Z"},"code":"5Dshockingjapan01","remaining":"15"},"starttransdate":{"$date":"2018-07-10T04:44:27.217Z"},"endtransdate":{"$date":"2018-07-10T09:44:27.217Z"},"payment_method":"Kredivo"}
{"_id":{"$oid":"5b443e8b56cb88714f4858d6"},"_class":"com.api.celhum.model.Booking","tourid":"5Dshockingjapan01","departdate":{"$date":"2018-07-09T00:00:00.111Z"},"contactdetail":{"title":"mr","first_name":"2","last_name":"333","dob":{"$date":"2018-07-06T00:00:00.000Z"},"identity_type":"passport","identity_number":"11","address":"122","postalcode":"33","handphonenumber":"444"},"passengerdetail":[{"first_name":"2","last_name":"3","identity_type":"passport","identity_number":"4","dob":{"$date":"2018-07-13T00:00:00.000Z"},"passenger_type":"adult","passenger_addon":true}],"totalpayment":"15400029","bookstatus":"pending","owner":"5b440246-574a-11e8-91f5-08626650b88f","email":"kevindreyar@gmail.com","passenger_count":"1","departure":{"price":{"price_adult":"11900000","price_child":"11500000","price_room_adult":"3500000","price_room_child":"400000"},"datedepart":{"$date":"2018-07-09T00:00:00.111Z"},"code":"5Dshockingjapan01","remaining":"15"},"starttransdate":{"$date":"2018-07-10T05:05:15.434Z"},"endtransdate":{"$date":"2018-07-10T10:05:15.434Z"},"payment_method":"Kredivo"}
{"_id":{"$oid":"5b443f9756cb88723c6c5760"},"_class":"com.api.celhum.model.Booking","tourid":"10Dgnpelangi","departdate":{"$date":"2018-06-29T00:00:00.111Z"},"contactdetail":{"title":"mr","first_name":"11","last_name":"22","dob":{"$date":"2018-07-06T00:00:00.000Z"},"identity_type":"passport","identity_number":"11","address":"22","postalcode":"33","handphonenumber":"44"},"passengerdetail":[{"first_name":"22","last_name":"33","identity_type":"passport","identity_number":"44","dob":{"$date":"2018-07-12T00:00:00.000Z"},"passenger_type":"adult","passenger_addon":true}],"totalpayment":"34700030","bookstatus":"pending","owner":"5b440246-574a-11e8-91f5-08626650b88f","email":"kevindreyar@gmail.com","passenger_count":"1","departure":{"price":{"price_adult":"28900000","price_child":"28900000","price_room_adult":"5800000","price_room_child":"0"},"datedepart":{"$date":"2018-06-29T00:00:00.111Z"},"code":"10Dgnpelangi02","remaining":"40"},"starttransdate":{"$date":"2018-07-10T05:09:43.136Z"},"endtransdate":{"$date":"2018-07-10T10:09:43.136Z"},"payment_method":"Kredivo"}
{"_id":{"$oid":"5b44396756cb88714f4858d4"},"_class":"com.api.celhum.model.Booking","tourid":"5Dshockingjapan02","departdate":{"$date":"2018-09-17T00:00:00.111Z"},"contactdetail":{"title":"mr","first_name":"2","last_name":"2","dob":{"$date":"2018-07-06T00:00:00.000Z"},"identity_type":"passport","identity_number":"12","address":"2","postalcode":"3","handphonenumber":"4"},"passengerdetail":[{"first_name":"1","last_name":"2","identity_type":"passport","identity_number":"2","dob":{"$date":"2018-07-13T00:00:00.000Z"},"passenger_type":"adult","passenger_addon":true}],"totalpayment":"15400027","bookstatus":"pending","owner":"5b440246-574a-11e8-91f5-08626650b88f","email":"kevindreyar@gmail.com","passenger_count":"1","departure":{"price":{"price_adult":"11900000","price_child":"11500000","price_room_adult":"3500000","price_room_child":"400000"},"datedepart":{"$date":"2018-09-17T00:00:00.111Z"},"code":"5Dshockingjapan02","remaining":"15"},"starttransdate":{"$date":"2018-07-10T04:43:19.817Z"},"endtransdate":{"$date":"2018-07-10T09:43:19.817Z"},"payment_method":"Kredivo"}
{"_id":{"$oid":"5b443fba56cb88723c6c5761"},"_class":"com.api.celhum.model.Booking","tourid":"5Dshockingjapan","departdate":{"$date":"2018-09-17T00:00:00.111Z"},"contactdetail":{"title":"mr","first_name":"11","last_name":"22","dob":{"$date":"2018-07-06T00:00:00.000Z"},"identity_type":"passport","identity_number":"4","address":"5","postalcode":"5","handphonenumber":"6"},"passengerdetail":[{"first_name":"5","last_name":"5","identity_type":"passport","identity_number":"6","dob":{"$date":"2018-07-06T00:00:00.000Z"},"passenger_type":"adult","passenger_addon":false}],"totalpayment":"11900031","bookstatus":"pending","owner":"5b440246-574a-11e8-91f5-08626650b88f","email":"kevindreyar@gmail.com","passenger_count":"1","departure":{"price":{"price_adult":"11900000","price_child":"11500000","price_room_adult":"3500000","price_room_child":"400000"},"datedepart":{"$date":"2018-09-17T00:00:00.111Z"},"code":"5Dshockingjapan02","remaining":"15"},"starttransdate":{"$date":"2018-07-10T05:10:18.241Z"},"endtransdate":{"$date":"2018-07-10T10:10:18.241Z"},"payment_method":"Kredivo"}
{"_id":{"$oid":"5b444a6956cb88723c6c5762"},"_class":"com.api.celhum.model.Booking","tourid":"5D3Negara","departdate":{"$date":"2018-08-12T00:00:00.111Z"},"contactdetail":{"title":"mrs","first_name":"asda","last_name":"adsad","dob":{"$date":"2018-07-05T00:00:00.000Z"},"identity_type":"passport","identity_number":"21321321","address":"asdasdsa","postalcode":"1321321","handphonenumber":"12321321321"},"passengerdetail":[{"first_name":"asdsadsa","last_name":"sdsadsaa","identity_type":"passport","identity_number":"12321321","dob":{"$date":"2018-07-28T00:00:00.000Z"},"passenger_type":"adult","passenger_addon":true}],"totalpayment":"10500032","bookstatus":"pending","owner":"7f150f34-e75e-49a5-bb27-1144671171b0","email":"aditya@aditya.com","passenger_count":"1","departure":{"price":{"price_adult":"7000000","price_child":"6500000","price_room_adult":"3500000","price_room_child":"500000"},"datedepart":{"$date":"2018-08-12T00:00:00.111Z"},"code":"5D3Negara02","remaining":"20"},"starttransdate":{"$date":"2018-07-10T05:55:53.543Z"},"endtransdate":{"$date":"2018-07-10T10:55:53.543Z"},"payment_method":"Kredivo"}
{"_id":{"$oid":"5b444da156cb88723c6c5763"},"_class":"com.api.celhum.model.Booking","tourid":"5Dshockingjapan","departdate":{"$date":"2018-07-09T00:00:00.111Z"},"contactdetail":{"title":"mr","first_name":"asdsa","last_name":"dsadsa","dob":{"$date":"2018-07-20T00:00:00.000Z"},"identity_type":"passport","identity_number":"12312","address":"1321321","postalcode":"312321","handphonenumber":"321321"},"passengerdetail":[{"first_name":"12312","last_name":"12321","identity_type":"passport","identity_number":"12321","dob":{"$date":"2018-07-27T00:00:00.000Z"},"passenger_type":"adult","passenger_addon":true}],"totalpayment":"15400033","bookstatus":"pending","owner":"7f150f34-e75e-49a5-bb27-1144671171b0","email":"aditya@aditya.com","passenger_count":"1","departure":{"price":{"price_adult":"11900000","price_child":"11500000","price_room_adult":"3500000","price_room_child":"400000"},"datedepart":{"$date":"2018-07-09T00:00:00.111Z"},"code":"5Dshockingjapan01","remaining":"15"},"starttransdate":{"$date":"2018-07-10T06:09:37.628Z"},"endtransdate":{"$date":"2018-07-10T11:09:37.628Z"},"payment_method":"Kredivo"}
{"_id":{"$oid":"5b444e3e56cb88723c6c5764"},"_class":"com.api.celhum.model.Booking","tourid":"5Dshockingjapan","departdate":{"$date":"2018-07-09T00:00:00.111Z"},"contactdetail":{"title":"mr","first_name":"Lievan","last_name":"Sugianto","dob":{"$date":"2018-07-03T00:00:00.000Z"},"identity_type":"passport","identity_number":"A12345","address":"Jl. Sulawesi, Town House Taman Ayu No. 373 Lippo Village, Karawaci Utara 15811\n(Jika Rumah Kosong, Titipkan ke Security Taman Ayu)","postalcode":"15811","handphonenumber":"8551888022"},"passengerdetail":[{"first_name":"Lievan","last_name":"Sugianto","identity_type":"passport","identity_number":"546345345","dob":{"$date":"2018-07-11T00:00:00.000Z"},"passenger_type":"adult","passenger_addon":true},{"first_name":"fhd","last_name":"dhdf","identity_type":"passport","identity_number":"dhh","dob":{"$date":"2018-07-12T00:00:00.000Z"},"passenger_type":"adult","passenger_addon":true}],"totalpayment":"30800034","bookstatus":"pending","owner":"e9082b50-c79e-4492-972c-69df74cd4e26","email":"lievan@celhumtravel.com","passenger_count":"2","departure":{"price":{"price_adult":"11900000","price_child":"11500000","price_room_adult":"3500000","price_room_child":"400000"},"datedepart":{"$date":"2018-07-09T00:00:00.111Z"},"code":"5Dshockingjapan01","remaining":"15"},"starttransdate":{"$date":"2018-07-10T06:12:14.704Z"},"endtransdate":{"$date":"2018-07-10T11:12:14.704Z"},"payment_method":"Kredivo"}
{"_id":{"$oid":"5b444e9f56cb88723c6c5765"},"_class":"com.api.celhum.model.Booking","tourid":"5Dhainanexsub","departdate":{"$date":"2018-07-13T00:00:00.111Z"},"contactdetail":{"title":"mr","first_name":"Lievan","last_name":"Sugianto","dob":{"$date":"2018-07-11T00:00:00.000Z"},"identity_type":"passport","identity_number":"fgsdgsdg","address":"Jl. Sulawesi, Town House Taman Ayu No. 373 Lippo Village, Karawaci Utara 15811\n(Jika Rumah Kosong, Titipkan ke Security Taman Ayu)","postalcode":"15811","handphonenumber":"8551888022"},"passengerdetail":[{"first_name":"vvbcf","last_name":"cvnbc","identity_type":"passport","identity_number":"cgfbhdf","dob":{"$date":"2018-07-12T00:00:00.000Z"},"passenger_type":"adult","passenger_addon":true},{"first_name":"dfhd","last_name":"dfh","identity_type":"passport","identity_number":"dfh","dob":{"$date":"2018-07-11T00:00:00.000Z"},"passenger_type":"adult","passenger_addon":true}],"totalpayment":"14800035","bookstatus":"pending","owner":"e9082b50-c79e-4492-972c-69df74cd4e26","email":"lievan@celhumtravel.com","passenger_count":"2","departure":{"price":{"price_adult":"5400000","price_child":"5100000","price_room_adult":"2000000","price_room_child":"300000"},"datedepart":{"$date":"2018-07-13T00:00:00.111Z"},"code":"5Dhainanexsub02","remaining":"40"},"starttransdate":{"$date":"2018-07-10T06:13:51.888Z"},"endtransdate":{"$date":"2018-07-10T11:13:51.888Z"},"payment_method":"Kredivo"}
{"_id":{"$oid":"5b45bea256cb8878d6575d23"},"_class":"com.api.celhum.model.Booking","tourid":"5Dshockingjapan","departdate":{"$date":"2018-09-17T00:00:00.111Z"},"contactdetail":{"title":"mr","first_name":"12","last_name":"121","handphonenumber":"211212"},"passengerdetail":[{"first_name":"22","last_name":"33","identity_type":"passport","identity_number":"4","dob":{"$date":"2018-07-06T00:00:00.000Z"},"passenger_type":"adult","passenger_addon":true}],"totalpayment":"15400037","bookstatus":"pending","owner":"5b440246-574a-11e8-91f5-08626650b88f","email":"kevindreyar@gmail.com","passenger_count":"1","departure":{"price":{"price_adult":"11900000","price_child":"11500000","price_room_adult":"3500000","price_room_child":"400000"},"datedepart":{"$date":"2018-09-17T00:00:00.111Z"},"code":"5Dshockingjapan02","remaining":"15"},"starttransdate":{"$date":"2018-07-11T08:24:02.904Z"},"endtransdate":{"$date":"2018-07-11T13:24:02.904Z"},"payment_method":"Kredivo"}
{"_id":{"$oid":"5b4456ab56cb88723c6c5766"},"_class":"com.api.celhum.model.Booking","tourid":"5Dshockingjapan","departdate":{"$date":"2018-07-09T00:00:00.111Z"},"contactdetail":{"title":"mrs","first_name":"asd","last_name":"asd","dob":{"$date":"2018-07-18T00:00:00.000Z"},"identity_type":"passport","identity_number":"123","address":"asd","postalcode":"15811","handphonenumber":"123"},"passengerdetail":[{"first_name":"asd","last_name":"asd","identity_type":"passport","identity_number":"123","dob":{"$date":"2018-07-12T00:00:00.000Z"},"passenger_type":"adult","passenger_addon":false}],"totalpayment":"11900036","bookstatus":"pending","owner":"02e62a27-fdce-4d52-ab59-f3daf48dc9ca","email":"tptharsiman@gmail.com","passenger_count":"1","departure":{"price":{"price_adult":"11900000","price_child":"11500000","price_room_adult":"3500000","price_room_child":"400000"},"datedepart":{"$date":"2018-07-09T00:00:00.111Z"},"code":"5Dshockingjapan01","remaining":"15"},"starttransdate":{"$date":"2018-07-10T06:48:11.033Z"},"endtransdate":{"$date":"2018-07-10T11:48:11.033Z"},"payment_method":"Bank Transfer"}
{"_id":{"$oid":"5b45ce4056cb8878d6575d24"},"_class":"com.api.celhum.model.Booking","tourid":"6Dhainanhakou","departdate":{"$date":"2018-07-10T00:00:00.111Z"},"contactdetail":{"title":"mr","first_name":"1","last_name":"2","handphonenumber":"333"},"passengerdetail":[{"first_name":"2","last_name":"3","identity_type":"passport","identity_number":"2","dob":{"$date":"2018-07-09T00:00:00.000Z"},"passenger_type":"adult","passenger_addon":false}],"totalpayment":"6400038","bookstatus":"pending","owner":"5b440246-574a-11e8-91f5-08626650b88f","email":"kevindreyar@gmail.com","passenger_count":"1","departure":{"price":{"price_adult":"6400000","price_child":"6100000","price_room_adult":"2000000","price_room_child":"300000"},"datedepart":{"$date":"2018-07-10T00:00:00.111Z"},"code":"6Dhainanhaikou02","remaining":"40"},"starttransdate":{"$date":"2018-07-11T09:30:40.851Z"},"endtransdate":{"$date":"2018-07-11T14:30:40.851Z"},"payment_method":"Midtrans"}
{"_id":{"$oid":"5b46f1e256cb8878d6575d26"},"_class":"com.api.celhum.model.Booking","tourid":"6Dhainanhakou","departdate":{"$date":"2018-07-10T00:00:00.111Z"},"contactdetail":{"title":"mrs","first_name":"Hanna","last_name":"Panjaitan","handphonenumber":"812345678"},"passengerdetail":[{"first_name":"Hanna","last_name":"Panjaitan","identity_type":"passport","identity_number":"1234567890123456","dob":{"$date":"1999-11-11T00:00:00.000Z"},"passenger_type":"adult","passenger_addon":false}],"totalpayment":"6400040","bookstatus":"cancel","owner":"82d582c1-cba5-4271-8c66-36ddc5ae5d55","email":"hanna.panjaitan@finaccel.co","passenger_count":"1","departure":{"price":{"price_adult":"6400000","price_child":"6100000","price_room_adult":"2000000","price_room_child":"300000"},"datedepart":{"$date":"2018-07-10T00:00:00.111Z"},"code":"6Dhainanhaikou02","remaining":"40"},"starttransdate":{"$date":"2018-07-12T06:14:58.357Z"},"endtransdate":{"$date":"2018-07-12T11:14:58.357Z"},"payment_method":"Kredivo","kredivopayment":{"transaction_id":"20dbb696-96ec-4852-8adc-7b932d096cf2","signature_key":"brRkemnGKywEBr3IwMKwpra0eUykiI8A3RCoNdqanZ0NmcWmDnti%2FBJj9zcdd%2Br5c%2BRQpnC7Ak%2BEieqq2WFlmL7VIVhbAjjnlMCH%2BwcCg%2FmMyUV91iHgzk5GwvGsSM7e"}}
{"_id":{"$oid":"5b470c1c56cb8881c29b6568"},"_class":"com.api.celhum.model.Booking","tourid":"10Dgnpelangi","departdate":{"$date":"2018-06-29T00:00:00.111Z"},"contactdetail":{"title":"mrs","first_name":"1","last_name":"2","dob":{"$date":"2018-07-13T00:00:00.000Z"},"identity_type":"passport","identity_number":"2","address":"3","postalcode":"4","handphonenumber":"5"},"passengerdetail":[{"first_name":"2","last_name":"3","identity_type":"passport","identity_number":"4","dob":{"$date":"2018-07-06T00:00:00.000Z"},"passenger_type":"adult","passenger_addon":true}],"totalpayment":"34700040","bookstatus":"pending","owner":"5b440246-574a-11e8-91f5-08626650b88f","email":"kevindreyar@gmail.com","passenger_count":"1","departure":{"price":{"price_adult":"28900000","price_child":"28900000","price_room_adult":"5800000","price_room_child":"0"},"datedepart":{"$date":"2018-06-29T00:00:00.111Z"},"code":"10Dgnpelangi02","remaining":"40"},"starttransdate":{"$date":"2018-07-12T08:06:52.157Z"},"endtransdate":{"$date":"2018-07-12T13:06:52.157Z"},"payment_method":"Kredivo"}
{"_id":{"$oid":"5b45ce5956cb8878d6575d25"},"_class":"com.api.celhum.model.Booking","tourid":"6Dhainanhakou","departdate":{"$date":"2018-07-03T00:00:00.111Z"},"contactdetail":{"title":"mrs","first_name":"2","last_name":"3","handphonenumber":"4"},"passengerdetail":[{"first_name":"4","last_name":"5","identity_type":"passport","identity_number":"5","dob":{"$date":"2018-07-05T00:00:00.000Z"},"passenger_type":"adult","passenger_addon":true}],"totalpayment":"8400039","bookstatus":"pending","owner":"5b440246-574a-11e8-91f5-08626650b88f","email":"kevindreyar@gmail.com","passenger_count":"1","departure":{"price":{"price_adult":"6400000","price_child":"6100000","price_room_adult":"2000000","price_room_child":"300000"},"datedepart":{"$date":"2018-07-03T00:00:00.111Z"},"code":"6Dhainanhaikou01","remaining":"40"},"starttransdate":{"$date":"2018-07-11T09:31:05.117Z"},"endtransdate":{"$date":"2018-07-11T14:31:05.117Z"},"payment_method":"Kredivo"}
{"_id":{"$oid":"5b48470856cb8881c29b6569"},"_class":"com.api.celhum.model.Booking","tourid":"5Dshockingjapan","departdate":{"$date":"2018-07-09T00:00:00.111Z"},"contactdetail":{"title":"mr","first_name":"asd","last_name":"asd","handphonenumber":"123"},"passengerdetail":[{"first_name":"asd","last_name":"asd","identity_type":"passport","identity_number":"123","dob":{"$date":"2018-07-03T00:00:00.000Z"},"passenger_type":"adult","passenger_addon":false}],"totalpayment":"11900041","bookstatus":"cancel","owner":"614e35a5-0b25-4d70-a5a8-a319e21099f4","email":"test@test.com","passenger_count":"1","departure":{"price":{"price_adult":"11900000","price_child":"11500000","price_room_adult":"3500000","price_room_child":"400000"},"datedepart":{"$date":"2018-07-09T00:00:00.111Z"},"code":"5Dshockingjapan01","remaining":"15"},"starttransdate":{"$date":"2018-07-13T06:30:32.165Z"},"endtransdate":{"$date":"2018-07-13T11:30:32.165Z"},"payment_method":"Kredivo","kredivopayment":{"transaction_id":"f8ae9c2a-3ecf-445f-bb7c-76df6bf445d0","signature_key":"8NpON0O9p3%2BOzbF6pgvudrMOhhKdtUsVMvLlfF%2B%2Blj91rAReNV86Nj58IRFh2YGGhNPadzV%2BZ%2FbpZB%2BRhTONc4D9oE%2B75P%2BozJnJ23Kh5X122N7nUTgos9INpHanzDeg%2BqzB7r9DvkgwoNKRl9ynGQ%3D%3D"}}
{"_id":{"$oid":"5b48487c56cb8881c29b656a"},"_class":"com.api.celhum.model.Booking","tourid":"testertour","departdate":{"$date":"2018-07-28T00:00:00.111Z"},"contactdetail":{"title":"mr","first_name":"12","last_name":"21","handphonenumber":"121"},"passengerdetail":[{"first_name":"1","last_name":"2","identity_type":"passport","identity_number":"12","dob":{"$date":"2018-07-07T00:00:00.000Z"},"passenger_type":"adult","passenger_addon":false}],"totalpayment":"7990041","bookstatus":"cancel","owner":"19fa4cab-8a44-42a8-a034-643099985d3c","email":"kevindreyar@hehe.com","passenger_count":"1","departure":{"price":{"price_adult":"10000","price_child":"10000","price_room_adult":"10000","price_room_child":"10000"},"datedepart":{"$date":"2018-07-28T00:00:00.111Z"},"code":"8D7Nguilincharter01","remaining":"20"},"starttransdate":{"$date":"2018-07-13T06:36:44.369Z"},"endtransdate":{"$date":"2018-07-13T11:36:44.369Z"},"payment_method":"Kredivo","kredivopayment":{"transaction_id":"995f9f69-7f50-4d95-84fa-3f59c8a9251e","signature_key":"LMeUPC%2FIic6%2FgKMQfJehGZWIru7eTafJXF3%2FCFpBmaTFEGiny2y5v%2FkcWjwPxM9bBp11tCqS4q%2FFQWLcwKu9rENlMDM%2B%2BtgqeLu6R2uEhQKRUU%2BWbtdi%2FgUjGLu10lB7"}}
{"_id":{"$oid":"5b485886a6bff42de40e3568"},"_class":"com.api.celhum.model.Booking","tourid":"10Dgnpelangi","departdate":{"$date":"2018-06-29T00:00:00.111Z"},"contactdetail":{"title":"mrs","first_name":"1","last_name":"2","dob":{"$date":"2018-07-13T00:00:00.000Z"},"identity_type":"passport","identity_number":"2","address":"3","postalcode":"4","handphonenumber":"5"},"passengerdetail":[{"first_name":"2","last_name":"3","identity_type":"passport","identity_number":"4","dob":{"$date":"2018-07-06T00:00:00.000Z"},"passenger_type":"adult","passenger_addon":true}],"totalpayment":"34700041","bookstatus":"pending","owner":"2270968b-63b9-11e8-b19e-08626650b88f","email":"kevindreyar@gmail.com","passenger_count":"1","departure":{"price":{"price_adult":"28900000","price_child":"28900000","price_room_adult":"5800000","price_room_child":"0"},"datedepart":{"$date":"2018-06-29T00:00:00.111Z"},"code":"10Dgnpelangi02","remaining":"40"},"starttransdate":{"$date":"2018-07-13T07:45:10.946Z"},"endtransdate":{"$date":"2018-07-13T12:45:10.946Z"},"payment_method":"Kredivo"}
